nome,categoria
Jogo de panelas,Cozinha
Liquidificador,Cozinha
Mixer,Cozinha
Jogo de talheres,Cozinha
Kit churrasco,Cozinha
Lixeira de inox,Cozinha
Jogo de assadeiras,Cozinha
Assadeira de pizza,Cozinha
Panela de pressão,Cozinha
Abridor de vinho,Cozinha
Petisqueira,Cozinha
Jogo de talheres de silicone,Cozinha
Sanduicheira,Cozinha
Tábua de carne de madeira,Cozinha
Jogo de jantar,Cozinha
Máquina de gelo,Cozinha
Jogo de toalhas escuras,Quarto
Jogo de lençol de casal,Quarto
Cobre-leito casal,Quarto
Edredom,Quarto
Ferro de passar roupa,Quarto
Toalha de rosto,Banheiro
Tapete para banheiro,Banheiro
Cesto de roupa de bambu,Banheiro
Lixeira para banheiro,Banheiro
